{
  "accuracy_mean": 0.8542857142857143,
  "accuracy_std": 0.009530748548062533,
  "precision_mean": 0.794503108003108,
  "precision_std": 0.169088758126594,
  "recall_mean": 0.13211879432624113,
  "recall_std": 0.0514885317465697,
  "f1_mean": 0.2230084392357805,
  "f1_std": 0.0763569523519316,
  "roc_auc_mean": 0.8061946114575388,
  "roc_auc_std": 0.03230082782373411,
  "num_folds": 50
}