rank,raw_feature,mean_importance,std_importance,mean_rank,top_3_frequency
1,OverTime,0.07701844080917869,0.008051866165000148,1.2,1.0
2,MonthlyIncome,0.07011711071428973,0.004260076307331424,1.82,1.0
3,Age,0.057190330007856824,0.003727335104075207,3.08,0.92
